SKU,Product Name,Category,Super Category
POR ECGB,"POR ECGB_ECGB, Black",Misc,Others
POR 1812,"POR 1812_Konnect Link - A to L 1M 3A, White",Cables,Mobile Accessories
POR 2046,"POR 2046_Mobot III, Black",Desk Mobile Holder,Mobile Accessories
POR 2138,"POR 2138_Konnect X - A to C Nylon Braided 1M 3A, White",Cables,Mobile Accessories
POR 2884,"POR 2884_Konnect Core 3 - C To C PVC/TPE 1m 60W, White",Cables,Mobile Accessories
POR 2881,"POR 2881_Konnect Core 3 - A to C PVC/TPE 1M 3A, Black",Cables,Mobile Accessories
POR 2922,"POR 2922_Conch Sigma, White",Wired Earphone,Audio
POR 2882,"POR 2882_Konnect Core 3 - A to C PVC/TPE 1M 3A, White",Cables,Mobile Accessories
POR 1813,"POR 1813_Konnect Link - A to Micro 1M 3A, White",Cables,Mobile Accessories
POR 1814,"POR 1814_Konnect Link - A to C 1M 3A, White",Cables,Mobile Accessories
POR 2883,"POR 2883_Konnect Core 3 - C To C PVC/TPE 1m 60W, Black",Cables,Mobile Accessories
POR 2158,"POR 2158_Konnect X - A to L Nylon Braided 1M 3A, Black",Cables,Mobile Accessories
POR 2715,"POR 2715_Silklink - A to C Silicone 1M 3A, White",Cables,Mobile Accessories
POR 2579,"POR 2579_SnapCase, Black",Connectors,Mobile Accessories
POR 122,"POR 122_Modesk, Black",Desk Mobile Holder,Mobile Accessories
POR 3036,"POR 3036_Conch Sigma , Black",Wired Earphone,Audio
POR 10059,"POR 10059_Metal Ring, Black",Power bank,Mobile Accessories
POR 1081,"POR 1081_Konnect L - A to C Nylon Braided 1.2M 3A, Grey",Cables,Mobile Accessories
POR 2061,"POR 2061_Konnect Link - A to Micro 1M 3A, Black",Cables,Mobile Accessories
POR 421,"POR 421_My Buddy K, Grey",Laptop Stand,PC Accessories
POR 2885,"POR 2885_Konnect Core 3 - A to Micro PVC/TPE 1M 3A, Black",Cables,Mobile Accessories
POR 2166,"POR 2166_Konnect X - C to L Nylon Braided 1M 27W, Black",Cables,Mobile Accessories
POR 1442,"POR 1442_Konnect L - C to C Nylon Braided 1.2M 60W, White",Cables,Mobile Accessories
POR 1882,"POR 1882_Muffs M2, Black",Bluetooth Headphone,Audio
POR 2568,"POR 2568_Toad 33, Black",Wireless Mouse,PC Accessories
POR 2165,"POR 2165_Konnect X - C to C Nylon Braided 2M 60W, White",Cables,Mobile Accessories
POR 2930,"POR 2930_Conch Kappa, White",Wired Earphone,Audio
POR 2729,"POR 2729_Mport Mino A, Grey",USB Hub,PC Accessories
POR 2790,"POR 2790_Konnect Y - C To C Nylon Braided 1.5M 60W, White",Cables,Mobile Accessories
POR 1024,"POR 1024_Adapto 20C, Black",Wall Charger,Mobile Accessories
POR 3053,"POR 3053_Conch kappa C, White",Wired Earphone,Audio
POR 1667,"POR 1667_Konnect HD - A to L Nylon Braided 1.2M 3A, Black",Cables,Mobile Accessories
POR 2168,"POR 2168_Konnect X - C to L Nylon Braided 2M 27W, Black",Cables,Mobile Accessories
POR 1438,"POR 1438_Konnect L - C to L Nylon Braided 1.2M 20W, Grey",Cables,Mobile Accessories
POR 2730,"POR 2730_Mport Mino C, Grey",USB Hub,PC Accessories
POR 2169,"POR 2169_Konnect X - C to L Nylon Braided 2M 27W, White",Cables,Mobile Accessories
POR 3064,"POR 3064_Conch Gamma C, Black",Wired Earphone,Audio
POR 2065,"POR 2065_Konnect Link - A to C 1M 3A, Black",Cables,Mobile Accessories
POR 2141,"POR 2141_Konnect X - A to C Nylon Braided 2M 3A, Black",Cables,Mobile Accessories
POR 2148,"POR 2148_Conch Theta C, Black",Wired Earphone,Audio
POR 2788,"POR 2788_Bridge X, Black",Connectors,Mobile Accessories
POR 3033,"POR 3033_Conch Sigma A, White",Wired Earphone,Audio
POR 1945,"POR 1945_Mport 3A, Black",USB Hub,PC Accessories
POR 2578,"POR 2578_OmniCord - 4 In 1 Nylon Braided 1M 60W, Black",Cables,Mobile Accessories
POR 1103,"POR 1103_Adapto One, Black",Wall Charger,Mobile Accessories
POR 1023,"POR 1023_Adapto 20B, Black",Wall Charger,Mobile Accessories
POR 2718,"POR 2718_Silklink - C to L Silicone 1M 20W, White",Cables,Mobile Accessories
POR 2714,"POR 2714_Silklink - A to C Silicone 1M 3A, Black",Cables,Mobile Accessories
POR 1233,"POR 1233_Konnect B - A to Micro 1M 3A, Black",Cables,Mobile Accessories
POR 2853,"POR 2853_Mobike 5, Black",Bike Mobile Holder,Car Accessories
POR 1104,"POR 1104_Adapto One, White",Wall Charger,Mobile Accessories
POR 1025,"POR 1025_Conch Gama, Black",Wired Earphone,Audio
POR 1079,"POR 1079_Konnect L - A to Micro Nylon Braided 1M 3A, Black",Cables,Mobile Accessories
POR 656,"POR 656_Konnect Core - A to C PVC 1M 3A, Black",Cables,Mobile Accessories
POR 2161,"POR 2161_Konnect X - A to L Nylon Braided 2M 3A, White",Cables,Mobile Accessories
POR 1161,"POR 1161_Konnect A - A to C 1M 3A, Black",Cables,Mobile Accessories
POR 2404,"POR 2404_Harmonics Z10, Black",Bluetooth Earphone,Audio
POR 1485,"POR 1485_Mport 31C, Grey",USB Hub,PC Accessories
POR 1242,"POR 1242_Adapto 25 Plus, Green",Wall Charger,Mobile Accessories
POR 2719,"POR 2719_Silklink - A to L Silicone 1M 20W, White",Cables,Mobile Accessories
POR 1080,"POR 1080_Konnect L - A to L Nylon Braided 1.2M 3A, Grey",Cables,Mobile Accessories
POR 1065,"POR 1065_Konnect C Square - C to C 1.2M 60W, Green",Cables,Mobile Accessories
POR 1454,"POR 1454_Konnect L - A to Micro Nylon Braided 1M 3A, White",Cables,Mobile Accessories
POR 2115,"POR 2115_Konnect Link - A to L 1M 3A, Black",Cables,Mobile Accessories
POR 1383,"POR 1383_RuffPad 8.5E, Black",Ruffpad,PC Accessories
POR 2574,"POR 2574_Muffs M3, Black",Bluetooth Headphone,Audio
POR 1001,"POR 1001_Konnect Core Mini - A to C PVC 25Cm 3A, Black",Cables,Mobile Accessories
POR 1554,"POR 1554_Car Power 7, Black",Car Charger,Car Accessories
POR 2225,"POR 2225_Harmonics Twins S13, Black",Twins Wireless,Audio
POR 1979,"POR 1979_Harmonics Z7, Black",Bluetooth Earphone,Audio
POR 2163,"POR 2163_Konnect X - C to C Nylon Braided 1M 60W, White",Cables,Mobile Accessories
POR 2162,"POR 2162_Konnect X - C to C Nylon Braided 1M 60W, Black",Cables,Mobile Accessories
POR 2506,"POR 2506_Eco Glow, Orange",Flashlight,Smart Gadgets
POR 2214,"POR 2214_Harmonics Twins S19, ",Twins Wireless,Audio
POR 2160,"POR 2160_Konnect X - A to L Nylon Braided 2M 3A, Black",Cables,Mobile Accessories
POR 2543,"POR 2543_Harmonics Z9, Black",Bluetooth Earphone,Audio
POR 3046,"POR 3046_Toad 103, Black",Wired Mouse,PC Accessories
POR 3034,"POR 3034_Conch Sigma A, Black",Wired Earphone,Audio
POR 2748,"POR 2748_Conch Theta A, White",Wired Earphone,Audio
POR 1439,"POR 1439_Konnect L - C to L Nylon Braided 1.2M 20W, White",Cables,Mobile Accessories
POR 2147,"POR 2147_Conch Theta A, Black",Wired Earphone,Audio
POR 2063,"POR 2063_Konnect L - A to C Nylon Braided 2M 3A, Grey",Cables,Mobile Accessories
POR 1401,"POR 1401_Konnect L - A to L Nylon Braided 1.2M 3A, White",Cables,Mobile Accessories
POR 2137,"POR 2137_Konnect X - A to C Nylon Braided 1M 3A, Black",Cables,Mobile Accessories
POR 2164,"POR 2164_Konnect X - C to C Nylon Braided 2M 60W, Black",Cables,Mobile Accessories
POR 2156,"POR 2156_Konnect X - A to C Nylon Braided 1M 6A, Red",Cables,Mobile Accessories
POR 1579,"POR 1579_Sound Drum P, Blue",Portable Speaker,Audio
POR 1287,"POR 1287_Car Power Mini, Black",Car Charger,Car Accessories
POR 2573,"POR 2573_MopCop, Black",Vaccum Cleaner,Car Accessories
POR 2485,"POR 2485_Toad 6, White",BT & Wireless Mouse,PC Accessories
POR 1179,"POR 1179_Konnect A - A to C 1M 3A, White",Cables,Mobile Accessories
POR 1236,"POR 1236_Konnect B - A to Micro 1M 3A, White",Cables,Mobile Accessories
POR 2269,"POR 2269_Mobot Clip, Black",Desk Mobile Holder,Mobile Accessories
POR 2159,"POR 2159_Konnect X - A to L Nylon Braided 1M 3A, White",Cables,Mobile Accessories
POR 1933,"POR 1933_Key7 Combo, Black",Wireless Keyboard And Mouse,PC Accessories
POR 1832,"POR 1832_Adapto 70, White",Wall Charger,Mobile Accessories
POR 2114,"POR 2114_Mport 31 Pro, Grey",USB Hub,PC Accessories
POR 1872,"POR 1872_Car Power 30, Black",Car Charger,Car Accessories
POR 1875,"POR 1875_Car Power View, Black",Car Charger,Car Accessories
POR 1327,"POR 1327_SoundDrum 1, Blue",Portable Speaker,Audio
POR 1445,"POR 1445_Adapto 45, Black",Wall Charger,Mobile Accessories
POR 2532,"POR 2532_Mogun 4, Black",Car Mobile Holder,Car Accessories
POR 2533,"POR 2533_Harmonics Twins S18, Black",Twins Wireless,Audio
POR 2784,"POR 2784_Toad 35, Black",Wireless Mouse,PC Accessories
POR 2111,"POR 2111_Silklink - C To C Silicone 1M 60W, Red",Cables,Mobile Accessories
POR 2167,"POR 2167_Konnect X - C to L Nylon Braided 1M 27W, White",Cables,Mobile Accessories
POR 2143,"POR 2143_Konnect X - C to C Nylon Braided 1M 240W, Green",Cables,Mobile Accessories
POR 1646,"POR 1646_Konnect C1 - C to C Nylon Braided 1M 60W, Black",Cables,Mobile Accessories
POR 2886,"POR 2886_Konnect Core 3 - A to Micro PVC/TPE 1M 3A, White",Cables,Mobile Accessories
POR 1581,"POR 1581_Ruffpad 12M, Black",Ruffpad,PC Accessories
POR 2228,"POR 2228_Harmonics Twins S16, Black",Twins Wireless,Audio
POR 1243,"POR 1243_Adapto 35G, White",Wall Charger,Mobile Accessories
POR 3025,"POR 3025_Toad 34, Black",Wireless Mouse,PC Accessories
POR 2717,"POR 2717_Silklink - C To C Silicone 1M 60W, White",Cables,Mobile Accessories
POR 2840,"POR 2840_Lumistick mini, Black",Selfie & Tripods,Smart Gadgets
POR 2887,"POR 2887_SnapCase 2, Black",Connectors,Mobile Accessories
POR 1883,"POR 1883_Muffs M2, White",Bluetooth Headphone,Audio
POR 2400,"POR 2400_Key8 Combo, Black",Wireless Keyboard And Mouse,PC Accessories
POR 2491,"POR 2491_Toad One, White",BT & Wireless Mouse,PC Accessories
POR 1478,"POR 1478_Toad 14, Black",Wireless Mouse,PC Accessories
POR 1346,"POR 1346_Car Power 6, Black",Car Charger,Car Accessories
POR 1484,"POR 1484_Mport 31, Grey",USB Hub,PC Accessories
POR 2000,"POR 2000_Dash 3, Black",Party Speaker,Audio
POR 2227,"POR 2227_Harmonics Twins S13, Green",Twins Wireless,Audio
POR 2209,"POR 2209_Konnect L - A to C Nylon Braided 2M 3A, White",Cables,Mobile Accessories
POR 1664,"POR 1664_Harmonics Twins S3, Black",Twins Wireless,Audio
POR 2077,"POR 2077_Key7 Combo, Black + Orange",Wireless Keyboard And Mouse,PC Accessories
POR 2153,"POR 2153_ProCharge 4 - Multifunctional Nylon Braided 1.2M 60W, Red",Cables,Mobile Accessories
POR 2898,"POR 2898_Harmonics Twins 32, Black",Twins Wireless,Audio
POR 2758,"POR 2758_Digibridge, White",USB Hub,PC Accessories
POR 1695,"POR 1695_Adapto 40, White",Wall Charger,Mobile Accessories
POR 2187,"POR 2187_C Konnect Plus, Grey",USB Hub,PC Accessories
POR 10052,"POR 10052_Type To Type C Cable, Black",Cables,Mobile Accessories
POR 2064,"POR 2064_Lumistick Pro, Black",Selfie & Tripods,Smart Gadgets
POR 2965,"POR 2965_In Tune 6, Black",USB Speaker,Audio
POR 2804,"POR 2804_World Tag, White",Tracker,Mobile Accessories
POR 1978,"POR 1978_Konnect 4 in 1 - Multifunctional Nylon Braided 1M 60W, Black",Cables,Mobile Accessories
POR 116,"POR 116_Clamp M, Black",Car Mobile Holder,Car Accessories
POR 2056,"POR 2056_Silicon Rubber Sticker, Grey",Misc,Others
POR 1908,"POR 1908_Harmonics Twins S7, White",Twins Wireless,Audio
POR 2113,"POR 2113_Key7 Combo, Grey + Orange",Wireless Keyboard And Mouse,PC Accessories
POR 3014,"POR 3014_HUE X - C to L PVC 1M 20W, Green+Pink",Cables,Mobile Accessories
POR 2802,"POR 2802_Flash C2 - C To C 1M 240W, Grey",Cables,Mobile Accessories
POR 2753,"POR 2753_Ki - Pad 4, Black",Wired Keyboard,PC Accessories
POR 2208,"POR 2208_Konnect L - A to L Nylon Braided 2M 3A, White",Cables,Mobile Accessories
POR 1564,"POR 1564_Cleansify, Black",Ear Camera,Smart Gadgets
POR 2716,"POR 2716_Silklink - C To C Silicone 1M 60W, Black",Cables,Mobile Accessories
POR 2783,"POR 2783_Toad 34, White",Wireless Mouse,PC Accessories
POR 2668,"POR 2668_Luxcell Magclick 5K, Grey",Power bank,Mobile Accessories
POR 2176,"POR 2176_Luxcell Mini 10k, Green",Power Bank,Mobile Accessories
POR 1392,"POR 1392_Konnect B+ - A to L 1M 3A, Black",Cables,Mobile Accessories
POR 2142,"POR 2142_Konnect X - A to C Nylon Braided 2M 3A, White",Cables,Mobile Accessories
POR 1382,"POR 1382_Toad 13, White",Wireless Mouse,PC Accessories
POR 2218,"POR 2218_Twins S20, Black",Twins Wireless,Audio
POR 1447,"POR 1447_Adapto 20 Lite, Sky",Wall Charger,Mobile Accessories
POR 1821,"POR 1821_Konnect Dash Pro - A to C 1M 80W, Red",Cables,Mobile Accessories
POR 499,"POR 499_RuffPad 8.5, Pink",Ruffpad,PC Accessories
POR 2029,"POR 2029_Adapto 70, Black",Wall Charger,Mobile Accessories
POR 2181,"POR 2181_Luxcell B 20K, Black",Power Bank,Mobile Accessories
POR 2417,"POR 2417_ki Pad 3, Black",Wired Keyboard,PC Accessories
POR 2638,"POR 2638_Twister, Grey",Laptop Stand,PC Accessories
POR 2034,"POR 2034_Konnect 240C - C to C Nylon Braided 1M 240W, Black",Cables,Mobile Accessories
POR 1359,"POR 1359_Power Plate 5, White",Power Converter,PC Accessories
POR 2015,"POR 2015_Vader, Black",Gaming Mouse,PC Accessories
POR 2091,"POR 2091_PowerPod 10K, Black",Power Bank,Mobile Accessories
POR 2394,"POR 2394_Resonate 2, Black",Party Speaker,Audio
POR 2271,"POR 2271_Konnect Recoil - C to C PVC 1M 60W, White",Cables,Mobile Accessories
POR 2749,"POR 2749_Conch Theta C, White",Wired Earphone,Audio
POR 2981,"POR 2981_Nova, Black",Portable Speaker,Audio
POR 2132,"POR 2132_Flux, Black",Wireless Charger,Mobile Accessories
POR 2635,"POR 2635_RuffPad 12, pink",Ruffpad,PC Accessories
POR 1031,"POR 1031_Konnect Core II - A to Micro PVC 1M 3A, White",Cables,Mobile Accessories
POR 1313,"POR 1313_Konnect A Trio - 3 In 1 PVC+NYLON 1.2M 3A, Black",Cables,Mobile Accessories
POR 280,"POR 280_Sound Pot, Black",Portable Speaker,Audio
POR 2423,"POR 2423_Decibel 24, Black",Sound Bar,Audio
POR 2135,"POR 2135_Flux 2, Black",Wireless Charger,Mobile Accessories
POR 1680,"POR 1680_Radian, Black",Portable Speaker,Audio
POR 1397,"POR 1397_Konnect B+ - A to L 1M 3A, White",Cables,Mobile Accessories
POR 1841,"POR 1841_Bubble Pro, Black",Bluetooth Keyboard,PC Accessories
POR 2118,"POR 2118_Konnect Link CL - C to L 1M 27W, Black",Cables,Mobile Accessories
POR 1990,"POR 1990_Ampbox 10k, Black",Power Bank,Mobile Accessories
POR 1750,"POR 1750_Konnect B - A to C 1M 3A, Black",Cables,Mobile Accessories
POR 2645,"POR 2645_Power Plate 21, Black",Power Converter,PC Accessories
POR 3047,"POR 3047_Hold X, Black",Desk Mobile Holder,Mobile Accessories
POR 1480,"POR 1480_VAYU, Black",Car Inflator,Car Accessories
POR 1441,"POR 1441_Konnect L - C to C Nylon Braided 1.2M 60W, Grey",Cables,Mobile Accessories
POR 1661,"POR 1661_Konnect Dash 2 - A to C Nylon Braided 1M 6.5A, Red",Cables,Mobile Accessories
POR 1066,"POR 1066_Adapto 66, White",Wall Charger,Mobile Accessories
POR 2107,"POR 2107_Talk Three, Black",Wearable Speaker,Audio
POR 1398,"POR 1398_Ruffpad 8.5M, Black",Ruffpad,PC Accessories
POR 2782,"POR 2782_Toad 7, White",BT & Wireless Mouse,PC Accessories
POR 1799,"POR 1799_Konnect Spydr 2 - 2 in 1 1M 3A, Black",Cables,Mobile Accessories
POR 1800,"POR 1800_Toad 101, Black",Wired Mouse,PC Accessories
POR 1885,"POR 1885_My Buddy K9, Black",Laptop Stand,PC Accessories
POR 1446,"POR 1446_Adapto 45, White",Wall Charger,Mobile Accessories
POR 1627,"POR 1627_Konnect Spydr 2 - 2 in 1 1M 3A, White",Cables,Mobile Accessories
POR 2663,"POR 2663_Chyro, Black",Power bank,Mobile Accessories
POR 498,"POR 498_RuffPad 8.5, Blue",Ruffpad,PC Accessories
POR 3051,"POR 3051_CoolCube, White",Portable Fan,Smart Gadgets
POR 1042,"POR 1042_Freedom 4A, Black",Wireless Charger,Mobile Accessories
POR 1963,"POR 1963_Adapto One Pro, White",Wall Charger,Mobile Accessories
POR 2557,"POR 2557_Harmonics Z9, Silver",Bluetooth Earphone,Audio
POR 2252,"POR 2252_Luxcell B12 Micro Input, Dark Blue",Power Bank,Mobile Accessories
POR 2791,"POR 2791_Konnect Y - A To C Nylon Braided 1.5M 3A, White",Cables,Mobile Accessories
POR 2219,"POR 2219_Twins S20, White",Twins Wireless,Audio
POR 2062,"POR 2062_Konnect L - A to L Nylon Braided 2M 3A, Grey",Cables,Mobile Accessories
POR 1244,"POR 1244_Adapto 45A, White",Wall Charger,Mobile Accessories
POR 1987,"POR 1987_Clamp M3, Black",Car Mobile Holder,Car Accessories
POR 2241,"POR 2241_Harmonics Twins 28, Black",Twins Wireless,Audio
POR 3026,"POR 3026_Vayu 7.0, Black",Car Inflator,Car Accessories
POR 1934,"POR 1934_Car Power 16, Black",Car Charger,Car Accessories
POR 2157,"POR 2157_Konnect X - A to C Nylon Braided 2M 6A, Red",Cables,Mobile Accessories
POR 3011,"POR 3011_HUE X - C To C PVC 1m 60W, Green+Pink",Cables,Mobile Accessories
POR 1062B,"POR 1062B_Adapto 62, Black",Wall Charger,Mobile Accessories
POR 1898,"POR 1898_Swipe 2, Red",Cleaners,Mobile Accessories
POR 2634,"POR 2634_RuffPad 12, Blue",Ruffpad,PC Accessories
POR 2529,"POR 2529_Harmonics Z8, Black",Bluetooth Earphone,Audio
POR 2119,"POR 2119_Bella, Black",Wireless Charger,Mobile Accessories
POR 2103,"POR 2103_Konnect Aux 5 - Aux Nylon Braided 1.5M 3.5MM, Black",Cables,Mobile Accessories
POR 1557,"POR 1557_Mport 51, Grey",USB Hub,PC Accessories
POR 1265,"POR 1265_Auto 15, Black",Car Bluetooth,Car Accessories
POR 2982,"POR 2982_Fynix, Black",Portable Speaker,Audio
POR 2175,"POR 2175_Luxcell Mini 10k, Black",Power Bank,Mobile Accessories
POR 2747,"POR 2747_Aero Breeze, Grey",Portable Fan,Smart Gadgets
POR 1288,"POR 1288_SoundDrum 1, Black",Portable Speaker,Audio
POR 1569,"POR 1569_Key5 Combo, Grey",Wireless Keyboard And Mouse,PC Accessories
POR 1693,"POR 1693_Adapto 41, White",Wall Charger,Mobile Accessories
POR 1611,"POR 1611_Toad 24, Black",Wireless Mouse,PC Accessories
POR 2222,"POR 2222_Toad 102, White",Wired Mouse,PC Accessories
POR 2849,"POR 2849_Printlink 1.5 - USB A To USB B PVC 1.5M Printer Cable, White",Power Cable,PC Accessories
POR 1751,"POR 1751_Konnect B - A to C 1M 3A, White",Cables,Mobile Accessories
POR 2041,"POR 2041_Mport X1, Grey",USB Hub,PC Accessories
POR 1905,"POR 1905_Harmonics Twins S6, Black",Twins Wireless,Audio
POR 2067,"POR 2067_Konnect Dash Max - C To C 1M 3.25A, Red",Cables,Mobile Accessories
POR 1407,"POR 1407_Key5 Combo, Black",Wireless Keyboard And Mouse,PC Accessories
POR 1648,"POR 1648_Konnect L1 - C to L Nylon Braided 1M 20W, Black",Cables,Mobile Accessories
POR 1665,"POR 1665_Konnect HD - A to Micro Nylon Braided 1.2M 3A, Black",Cables,Mobile Accessories
POR 2146,"POR 2146_Konnect Link 3, Black",Cables,Mobile Accessories
POR 1041,"POR 1041_C Konnect, White",USB Hub,PC Accessories
POR 2154,"POR 2154_Vayu 4.0, Black",Car Inflator,Car Accessories
POR 2226,"POR 2226_Harmonics Twins S13, Blue",Twins Wireless,Audio
POR 1899,"POR 1899_Swipe 2, Blue",Cleaners,Mobile Accessories
POR 2678,"POR 2678_Soundpot Pro, Black",Portable Speaker,Audio
POR 1964,"POR 1964_Adapto 25 Pro, White",Wall Charger,Mobile Accessories
POR 2838,"POR 2838_Juicemate, Black",Wall Charger,Mobile Accessories
POR 1630,"POR 1630_Toad 26, Black",Wired Mouse,PC Accessories
POR 2633,"POR 2633_Ruffpad 22, Black",Ruffpad,PC Accessories
POR 2789,"POR 2789_Bridge Y, Black",Connectors,Mobile Accessories
POR 2756,"POR 2756_Muffs M4, Black",Bluetooth Headphone,Audio
POR 2602,"POR 2602_SHIELD - X 15 Plus, Transparent",Tempered Glass,Mobile Accessories
POR 2607,"POR 2607_SHIELD - X 13 Pro Max / 14 Plus, Transparent",Tempered Glass,Mobile Accessories
POR 2014,"POR 2014_Toad 32, Red",Wireless Mouse,PC Accessories
POR 2261,"POR 2261_Luxcell Magclick, Beige",Power Bank,Mobile Accessories
POR 1909,"POR 1909_Clean M, Pink",Cleaners,Mobile Accessories
POR 2039,"POR 2039_Mport X, Grey",USB Hub,PC Accessories
POR 1647,"POR 1647_Konnect C1 - C to C Nylon Braided 1M 60W, White",Cables,Mobile Accessories
POR 2139,"POR 2139_My Buddy K Lite, White",Laptop Stand,PC Accessories
POR 2270,"POR 2270_Konnect Tetra - 4 In 1 1M 60W, Black",Cables,Mobile Accessories
POR 2486,"POR 2486_Toad 6, Green",BT & Wireless Mouse,PC Accessories
POR 2670,"POR 2670_MopCop Pro, Black",Vaccum Cleaner,Car Accessories
POR 2128,"POR 2128_Hexacharge, Black",Wireless Charger,Mobile Accessories
POR 1649,"POR 1649_Konnect L1 - C to L Nylon Braided 1M 20W, White",Cables,Mobile Accessories
POR 2605,"POR 2605_SHIELD - X 14 Pro, Transparent",Tempered Glass,Mobile Accessories
POR 3032,"POR 3032_Toad Ergo 3, White",Wireless Mouse,PC Accessories
POR 2601,"POR 2601_SHIELD - X 15 Pro, Transparent",Tempered Glass,Mobile Accessories
POR 1601,"POR 1601_Router Mini UPS, Black",Power Bank,Mobile Accessories
POR 2979,"POR 2979_AC Cable - AC PVC 1M 240W, Black",Power Cable,PC Accessories
POR 2785,"POR 2785_Toad 35, White",Wireless Mouse,PC Accessories
POR 3031,"POR 3031_Toad Ergo 3, Black",Wireless Mouse,PC Accessories
POR 1818,"POR 1818_My Buddy J, Black",Laptop Table,PC Accessories
POR 3030,"POR 3030_Toad 36, White",Wireless Mouse,PC Accessories
POR 1254,"POR 1254_Adapto 65C, White",Wall Charger,Mobile Accessories
POR 3029,"POR 3029_Toad 36, Black",Wireless Mouse,PC Accessories
POR 2272,"POR 2272_Konnect Recoil - C to C PVC 1M 100W, White",Cables,Mobile Accessories
POR 3013,"POR 3013_HUE X - C to L PVC 1M 20W, White+Blue",Cables,Mobile Accessories
POR 2604,"POR 2604_SHIELD - X 14 Pro Max, Transparent",Tempered Glass,Mobile Accessories
POR 2172,"POR 2172_ZapCell 10K, White",Power Bank,Mobile Accessories
POR 2342,"POR 2342_Dash 10, Black",Party Speaker,Audio
POR 1792,"POR 1792_Mport 7, Grey",USB Hub,PC Accessories
POR 3044,"POR 3044_Mport 8 plus, Grey",USB Hub,PC Accessories
POR 3052,"POR 3052_Wallet X, Brown",Desk Mobile Holder,Mobile Accessories
POR 3012,"POR 3012_HUE X - C to L PVC 1M 20W, Black+Red",Cables,Mobile Accessories
POR 1255,"POR 1255_Adapto 45C, White",Wall Charger,Mobile Accessories
POR 2042,"POR 2042_Vader, Pink",Gaming Mouse,PC Accessories
POR 2333,"POR 2333_TriFusion, Black",Portable Speaker,Audio
POR 2962,"POR 2962_Mopcop 4, Black",Vaccum Cleaner,Car Accessories
POR 2060,"POR 2060_Mobike 4, Black",Bike Mobile Holder,Car Accessories
POR 2043,"POR 2043_Sound Drum P, Green",Portable Speaker,Audio
POR 3037,"POR 3037_Mport 30M, Grey",USB Hub,PC Accessories
POR 2980,"POR 2980_Key7 Combo, Grey + Black",Wireless Keyboard And Mouse,PC Accessories
POR 1896,"POR 1896_My Buddy Air, Black",Laptop Stand,PC Accessories
POR 10060,"POR 10060_C To C PVC Cable, White",Cables,Mobile Accessories
POR 2567,"POR 2567_Toad Mino, Black",BT & Wireless Mouse,PC Accessories
POR 2129,"POR 2129_VoltClock, Black",Wireless Charger,Mobile Accessories
POR 1062,"POR 1062_Adapto 62, White",Wall Charger,Mobile Accessories
POR 2648,"POR 2648_Clean U, White",Cleaners,Mobile Accessories
POR 631,"POR 631_RuffPad 12, Black",Ruffpad,PC Accessories
POR 2331,"POR 2331_Harmony Mini, Black",Portable Speaker,Audio
POR 2600,"POR 2600_SHIELD - X 15 Pro Max, Transparent",Tempered Glass,Mobile Accessories
POR 2507,"POR 2507_Eco Glow Mini, White",Flashlight,Smart Gadgets
POR 704,"POR 704_My Buddy Plus, Grey",Laptop Table,PC Accessories
POR 2205,"POR 2205_Bubble Square, Green",Bluetooth Keyboard,PC Accessories
POR 2058,"POR 2058_Konnect Sync - HDMI PVC 3M 60HZ, Black",HDMI Cable,PC Accessories
POR 2488,"POR 2488_Toad 5, Black",BT & Wireless Mouse,PC Accessories
POR 2186,"POR 2186_My Buddy Air Pro, Grey",Laptop Stand,PC Accessories
POR 1252,"POR 1252_Adapto 65A, Green",Wall Charger,Mobile Accessories
POR 015,"POR 015_Toad 11, Blue",Wireless Mouse,PC Accessories
POR 1972,"POR 1972_Ruffpad 21, Grey",Ruffpad,PC Accessories
POR 1974,"POR 1974_Pixel 3, Black",Portable Speaker,Audio
POR 2839,"POR 2839_AnyMeal, Beige",Electrical Kettle,Others
POR 2033,"POR 2033_Clean M, Black",Cleaners,Mobile Accessories
POR 2210,"POR 2210_Konnect View - C to C Nylon Braided 2M 100W, Black",Cables,Mobile Accessories
POR 2463,"POR 2463_Talk Four, Black",Wearable Speaker,Audio
POR 343,"POR 343_UFO, White",Wall Charger,Mobile Accessories
POR 2875,"POR 2875_Toad III Plus, White",Wireless Mouse,PC Accessories
POR 2851,"POR 2851_Printlink 5 - USB A To USB B PVC 5M Printer Cable, White",Power Cable,PC Accessories
POR 2230,"POR 2230_Harmonics Twins S16, Green",Twins Wireless,Audio
POR 2606,"POR 2606_SHIELD - X 13/13 Pro / 14, Transparent",Tempered Glass,Mobile Accessories
POR 2110,"POR 2110_Silklink - A to C Silicone 1M 3A, Red",Cables,Mobile Accessories
POR 1796,"POR 1796_Konnect J9 4 in 1, Black",Cables,Mobile Accessories
POR 2211,"POR 2211_Konnect View - A to L Nylon Braided 1M 20W, Black",Cables,Mobile Accessories
POR 349,"POR 349_Key10 Combo, Grey",Wireless Keyboard And Mouse,PC Accessories
POR 1924,"POR 1924_My Buddy Hexa 33, Black",Laptop Stand,PC Accessories
POR 375,"POR 375_Bubble 2.0, Grey",Bluetooth Keyboard,PC Accessories
POR 1760,"POR 1760_Xlife, Black",Ear Camera,Smart Gadgets
POR 2576,"POR 2576_Maglink CL - C to L Braided 1M 27W, White",Cables,Mobile Accessories
POR 2258,"POR 2258_Boosty 10K, Grey",Power Bank,Mobile Accessories
POR 3010,"POR 3010_HUE X - C To C PVC 1m 60W, White+Blue",Cables,Mobile Accessories
POR 2643,"POR 2643_My Buddy Air 5, Black",Laptop Stand,PC Accessories
POR 1835,"POR 1835_Clean N, White",Cleaners,Mobile Accessories
POR 2577,"POR 2577_Maglink C Square - C To C Braided 1M 60W, White",Cables,Mobile Accessories
POR 10051,"POR 10051_Type To Type C Cable, White",Cables,Mobile Accessories
POR 1251,"POR 1251_Adapto Volt 65, White",Wall Charger,Mobile Accessories
POR 1902,"POR 1902_Konnect Stream - HDMI Nylon Braided 3M 60HZ, Grey",HDMI Cable,PC Accessories
POR 2757,"POR 2757_Glide, White",Stylus Pen,PC Accessories
POR 1095,"POR 1095_AC Cable - AC PVC 1M 240W, Black",Power Cable,PC Accessories
POR 1473,"POR 1473_Power Plate 7, Black",Power Converter,PC Accessories
POR 2173,"POR 2173_ZapCell 10K, Black",Power Bank,Mobile Accessories
POR 2392,"POR 2392_Resonate, Black",Party Speaker,Audio
POR 2079,"POR 2079_Aero Breeze, White",Portable Fan,Smart Gadgets
POR 1380,"POR 1380_My Buddy +, Black",Laptop Table,PC Accessories
POR 2837,"POR 2837_MopCop 3, Black",Vaccum Cleaner,Car Accessories
POR 1677,"POR 1677_Bubble, Black",Bluetooth Keyboard,PC Accessories
POR 2880,"POR 2880_Vader Max, Green",Wireless Mouse,PC Accessories
POR 2329,"POR 2329_Hydra 10, Black",Gaming Keyboard,PC Accessories
POR 2051,"POR 2051_Konnect View - C to C Nylon Braided 1M 100W, Black",Cables,Mobile Accessories
POR 1605,"POR 1605_Sound Slick IV, Black",Sound Bar,Audio
POR 2215,"POR 2215_Harmonics Twins, Beige",Twins Wireless,Audio
POR 1292,"POR 1292_Power Plate 4, White",Power Converter,PC Accessories
POR 2569,"POR 2569_Power Plate 18, White",Power Converter,PC Accessories
POR 1734,"POR 1734_Decible 20, Black",Sound Bar,Audio
POR 2544,"POR 2544_Vayu 3.0, Black",Car Inflator,Car Accessories
POR 2534,"POR 2534_Harmonics Twins S18, White",Twins Wireless,Audio
POR 2751,"POR 2751_Harmonics Twins 31, Beige",Twins Wireless,Audio
POR 1815,"POR 1815_Konnect Link C Square - C to C 1M 3A, White",Cables,Mobile Accessories
POR 1823,"POR 1823_Harmonics Z5, White",Bluetooth Earphone,Audio
POR 2876,"POR 2876_Toad III Plus, Blue",Wireless Mouse,PC Accessories
POR 1830,"POR 1830_Toad 23, Pink",Wireless Mouse,PC Accessories
POR 2012,"POR 2012_Toad 32, Blue",Wireless Mouse,PC Accessories
POR 2371,"POR 2371_Ruffpad Calc 2, Black",Ruffpad,PC Accessories
POR 1600,"POR 1600_Power Plate 9, Blue",Power Converter,PC Accessories
POR 1609,"POR 1609_Clamp M2, Black",Car Mobile Holder,Car Accessories
POR 2108,"POR 2108_Toad II, Purple",BT & Wireless Mouse,PC Accessories
POR 2189,"POR 2189_Clean G, Dark Blue",Cleaners,Mobile Accessories
POR 2207,"POR 2207_Bubble Square, Purple",Bluetooth Keyboard,PC Accessories
POR 2662,"POR 2662_Luxcell Bind Mini 20K, Black",Power bank,Mobile Accessories
POR 1999,"POR 1999_Decible 23, Black",Sound Bar,Audio
POR 2242,"POR 2242_Harmonics Twins 28, White",Twins Wireless,Audio
POR 1675,"POR 1675_Sound Slick 5, Black",Sound Bar,Audio
POR 2048,"POR 2048_Gobreeze, White",Portable Fan,Smart Gadgets
POR 2086,"POR 2086_Ampbox 27K, Black",Power Bank,Mobile Accessories
POR 2871,"POR 2871_JuiceMate 4, Black",Wall Charger,Mobile Accessories
POR 2216,"POR 2216_Harmonics Twins S16, Beige",Twins Wireless,Audio
POR 2637,"POR 2637_Mobot 4, Black",Desk Mobile Holder,Mobile Accessories
POR 2854,"POR 2854_Breeze 7, Black",Portable Speaker,Audio
POR 1881,"POR 1881_Hydra 10, White+Brown",Gaming Keyboard,PC Accessories
POR 2401,"POR 2401_Power Plate 16, White",Power Converter,PC Accessories
POR 2879,"POR 2879_Vader Max, Grey",Wireless Mouse,PC Accessories
POR 1620,"POR 1620_Toad 25, Black",Wireless Mouse,PC Accessories
POR 1742,"POR 1742_Modesk Flex +, Black",Desk Mobile Holder,Mobile Accessories
POR 1058,"POR 1058_Cliky, Pink",Flashlight,Smart Gadgets
POR 372,"POR 372_Key2 Combo, White-REd",Wireless Keyboard And Mouse,PC Accessories
POR 1816,"POR 1816_Konnect Link CL - C to L 1M 27W, White",Cables,Mobile Accessories
POR 2473,"POR 2473_Adapto 35A, White",Wall Charger,Mobile Accessories
POR 2852,"POR 2852_Comfipad Glow, Black",Mouse Pad,PC Accessories
POR 2178,"POR 2178_Luxcell Wireless Mini, Black",Power Bank,Mobile Accessories
POR 2259,"POR 2259_Boosty 5K, Grey",Power Bank,Mobile Accessories
POR 2338,"POR 2338_Thunder 2.0, Black",Party Speaker,Audio
POR 2145,"POR 2145_Charge Clamp 4, Black",Car Wireless Charger,Car Accessories
POR 1726,"POR 1726_Konnect J7 - Multifunctional Nylon Braided 1M 20W, Black",Cables,Mobile Accessories
POR 2435,"POR 2435_Auto 22, Black",Car Bluetooth,Car Accessories
POR 1372,"POR 1372_Adapto III, White",Wall Charger,Mobile Accessories
POR 2260,"POR 2260_Luxcell Bind Mini, Black",Power Bank,Mobile Accessories
POR 1926,"POR 1926_Toofan Mini, White",Portable Fan,Smart Gadgets
POR 1626,"POR 1626_Power Plate 10, Black",Power Converter,PC Accessories
POR 2149,"POR 2149_Mport 8, Grey",USB Hub,PC Accessories
POR 2013,"POR 2013_Toad 32, Grey",Wireless Mouse,PC Accessories
POR 1270,"POR 1270_iKonnect One 8 Pin to Aux, Black",Connectors,Mobile Accessories
POR 320,"POR 320_Auto 10, Black",Car Bluetooth,Car Accessories
POR 2155,"POR 2155_Vayu 5.0, Black",Car Inflator,Car Accessories
POR 1895,"POR 1895_Power Plate 13, Black",Power Converter,PC Accessories
POR 1901,"POR 1901_Konnect Stream - HDMI Nylon Braided 1.5M 60HZ, Grey",HDMI Cable,PC Accessories
POR 2349,"POR 2349_Mport One, Grey",USB Hub,PC Accessories
POR 2873,"POR 2873_Mport View Two, Black",USB Hub,PC Accessories
POR 1634,"POR 1634_Mport 4D, Black",USB Hub,PC Accessories
POR 1981,"POR 1981_Harmonics Twins S9, White",Twins Wireless,Audio
POR 1651,"POR 1651_Harmonics Twins S3, White",Twins Wireless,Audio
POR 2642,"POR 2642_Clean T, White",Cleaners,Mobile Accessories
POR 2750,"POR 2750_Harmonics Twins 31, Black",Twins Wireless,Audio
POR 2746,"POR 2746_Key9 Combo, Grey",Wireless Keyboard And Mouse,PC Accessories
POR 3027,"POR 3027_Snaplink CL - C To L Braided 1M 27W, White",Cables,Mobile Accessories
POR 2031,"POR 2031_Clean G, White",Cleaners,Mobile Accessories
POR 2731,"POR 2731_Swipe 3, White",Cleaners,Mobile Accessories
POR 2117,"POR 2117_Konnect Link C Square 100 - C to C 1M 100W, Black",Cables,Mobile Accessories
POR 2127,"POR 2127_Freedom 5, Black",Wireless Charger,Mobile Accessories
POR 2878,"POR 2878_Vader Max, Black",Wireless Mouse,PC Accessories
POR 3009,"POR 3009_HUE X - C To C PVC 1m 60W, Black+Red",Cables,Mobile Accessories
POR 2098,"POR 2098_Breeze 5, Black",Portable Speaker,Audio
POR 2268,"POR 2268_Konnect Link C Square 100 - C to C 1M 100W, Red",Cables,Mobile Accessories
POR 2185,"POR 2185_Clean N, Black",Cleaners,Mobile Accessories
POR 3028,"POR 3028_Snaplink C Square - C To C Braided 1m 60W, White",Cables,Mobile Accessories
POR 2732,"POR 2732_Thermosip, White",Electrical Kettle,Smart Gadgets
POR 1946,"POR 1946_Mport 6C, Black",USB Hub,PC Accessories
POR 1738,"POR 1738_Toad 27, Green",Wireless Mouse,PC Accessories
POR 1894,"POR 1894_Power Plate 12, Black",Power Converter,PC Accessories
POR 1884,"POR 1884_My Buddy K10, Grey",Laptop Stand,PC Accessories
POR 1958,"POR 1958_Toad 30, White",Wireless Mouse,PC Accessories
POR 2649,"POR 2649_CoolPulse, Black",Portable Fan,Smart Gadgets
POR 1880,"POR 1880_Hydra 10, White+Blue",Gaming Keyboard,PC Accessories
POR 1904,"POR 1904_Konnect Vision C - HDMI Nylon Braided 1.5M 4K, Grey",Cables,Mobile Accessories
POR 1975,"POR 1975_Ruffpad Calc, Black",Ruffpad,PC Accessories
POR 2072,"POR 2072_Power Plate 14, White",Power Converter,PC Accessories
POR 2900,"POR 2900_Zifro, Grey",Portable Fan,Smart Gadgets
POR 2976,"POR 2976_Uniconnect - Usb PVC 1.5m 3A, White",Power Cable,PC Accessories
POR 2781,"POR 2781_Toad 7, Grey",BT & Wireless Mouse,PC Accessories
POR 2874,"POR 2874_Toad III Plus, Black",Wireless Mouse,PC Accessories
POR 1381,"POR 1381_Toad 13, Black",Wireless Mouse,PC Accessories
POR 2745,"POR 2745_Key9 Combo, Black",Wireless Keyboard And Mouse,PC Accessories
POR 2421,"POR 2421_ki Pad 3, Green",Wired Keyboard,PC Accessories
POR 1291,"POR 1291_Power Plate 4, Black",Power Converter,PC Accessories
POR 2713,"POR 2713_Talk Five, Black",Portable Speaker,Audio
POR 1712,"POR 1712_Konnect G1 - Desktop Power PVC 1.5M 350W, Grey",Power Cable,PC Accessories
POR 1399,"POR 1399_SoundDrum 1, Green",Portable Speaker,Audio
POR 1871,"POR 1871_Car Power 65, Black",Car Charger,Car Accessories
POR 1587,"POR 1587_Breeze 4, Blue",Portable Speaker,Audio
POR 1583,"POR 1583_Dash 12, Black",Party Speaker,Audio
POR 2016,"POR 2016_Vader, Blue",Gaming Mouse,PC Accessories
POR 2683,"POR 2683_Twins 29, Beige",Twins Wireless,Audio
POR 2090,"POR 2090_Luxcell B, Green",Power Bank,Mobile Accessories
POR 3096,"POR 3096_Uniconnect, White",Cables,Mobile Accessories
POR 348,"POR 348_Bubble 2.0, White",Bluetooth Keyboard,PC Accessories
POR 1874,"POR 1874_Car Power 80, Black",Car Charger,Car Accessories
POR 2017,"POR 2017_Vader, Grey",Gaming Mouse,PC Accessories
POR 1606,"POR 1606_Time Out, Black",Timers,Smart Gadgets
POR 1737,"POR 1737_Toad 27, Black",Wireless Mouse,PC Accessories
POR 1767,"POR 1767_Charge Clamp 2, Black",Car Wireless Charger,Car Accessories
POR 1607,"POR 1607_Hydra 10, White+Red",Gaming Keyboard,PC Accessories
POR 2341,"POR 2341_iLumi II, Black",Party Speaker,Audio
POR 1876,"POR 1876_Car Power Retracto, Black",Car Charger,Car Accessories
EGB,"EGB_EGB, Black",Misc,Others
POR 1761,"POR 1761_Konnect 100 - C to C 2M 100W, Black",Cables,Mobile Accessories
POR 2571,"POR 2571_Power Plate 20, White",Power Converter,PC Accessories
POR 003,"POR 003_Car Power One, Black",Car Charger,Car Accessories
POR 2733,"POR 2733_Lumistick 2, Black",Selfie & Tripods,Smart Gadgets
POR 2418,"POR 2418_ki Pad 3, Blue",Wired Keyboard,PC Accessories
POR 671,"POR 671_Power Plate II, Black",Power Converter,PC Accessories
POR 2444,"POR 2444_Plugs 3, Black",Portable Speaker,Audio
POR 2405,"POR 2405_Keytonic, Black",Wired Keyboard,PC Accessories
POR 1210,"POR 1210_Power 10, Black",Power Bank,Mobile Accessories
POR 2877,"POR 2877_Mogun 5, Black",Car Mobile Holder,Car Accessories
POR 1935,"POR 1935_Ki Pad 2, Black",Wired Keyboard,PC Accessories
POR 1134,"POR 1134_CleanEX 101, White",Protection Product,Smart Gadgets
POR 2847,"POR 2847_Power Plate 22, White",Power Converter,PC Accessories
POR 1658,"POR 1658_Key5 Combo, Z Black",Wireless Keyboard And Mouse,PC Accessories
POR 2150,"POR 2150_SlideMate 2, White",Presenter,PC Accessories
POR 2848,"POR 2848_Power Plate 23, White",Power Converter,PC Accessories
POR 1126,"POR 1126_FaceGuard II, White",Protection Product,Smart Gadgets
POR 2612,"POR 2612_Key11 Combo, Green",Wireless Keyboard And Mouse,PC Accessories
POR 1685,"POR 1685_Konnect Spydr 31C - 3 In 1 PVC 1.2M 3A, Black",Cables,Mobile Accessories
POR 1067,"POR 1067_Konnect CL - C to L 1.2M 20W, Green",Cables,Mobile Accessories
POR 2816,"POR 2816_Comfipad 2, Grey",Mouse Pad,PC Accessories
POR 1791,"POR 1791_Clean M, White",Cleaners,Mobile Accessories
POR 2610,"POR 2610_Key11 Combo, Purple",Wireless Keyboard And Mouse,PC Accessories
POR 2101,"POR 2101_Konnect Stream - HDMI Nylon Braided 5M 60HZ, Grey",HDMI Cable,PC Accessories
POR 10054,"POR 10054_Carry Bag, Grey",Misc,Others
POR 2963,"POR 2963_Byte 2, Black",Laptop Bag,PC Accessories
POR 1350,"POR 1350_Adapto One Plus, Black",Wall Charger,Mobile Accessories
POR 2320,"POR 2320_Vlogmate, Black",Recorder,Audio
POR 1088,"POR 1088_Konnect Core C - C to C 1M 3A, Black",Cables,Mobile Accessories
POR 1827,"POR 1827_Byte Bag, Black",Laptop Bag,PC Accessories
POR 2152,"POR 2152_Toad 8, Purple",Wireless Mouse,PC Accessories
POR 2049,"POR 2049_Konnect 240C - C to C Nylon Braided 2M 240W, Black",Cables,Mobile Accessories
POR 2619,"POR 2619_Adapto 25, White",Wall Charger,Mobile Accessories
POR 2052,"POR 2052_Konnect View - C to L Nylon Braided 1M 27W, Black",Cables,Mobile Accessories
POR 1678,"POR 1678_Mport 11C, Grey",USB Hub,PC Accessories
POR 2928,"POR 2928_Mogun 5, Blue",Car Mobile Holder,Car Accessories
POR 2547,"POR 2547_Pure Sound 107, Black",Sound Bar,Audio
POR 2170,"POR 2170_Pure Sound 105, Black",Sound Bar,Audio
POR 2134,"POR 2134_Quikk, White",Wireless Charger,Mobile Accessories
POR 1417,"POR 1417_My Buddy K3, Silver",Laptop Stand,PC Accessories
POR 2492,"POR 2492_Adapto 100, White",Wall Charger,Mobile Accessories
POR 1475,"POR 1475_Splug 16, White",IOT Devices,Mobile Accessories
POR 347,"POR 347_Bubble 2.0, Black",Bluetooth Keyboard,PC Accessories
POR 2434,"POR 2434_Auto 10 Plus, Black",Car Bluetooth,Car Accessories
POR 2665,"POR 2665_Luxcell Wireless Mini 20K, Black",Power bank,Mobile Accessories
POR 2323,"POR 2323_VlogMate 3, Black",Recorder,Audio
POR 3114,"POR 3114_Byte Mini, Black",Sling Bag,Smart Gadgets
POR 2292,"POR 2292_Comfipad, White",Mouse Pad,PC Accessories
POR 2403,"POR 2403_Pure Sound 106, Black",Sound Bar,Audio
POR 1811,"POR 1811_Konnect Link 3 - 3 In 1 TPE 1M 3A, White",Cables,Mobile Accessories
POR 2144,"POR 2144_Charge Clamp 3, Black",Car Wireless Charger,Car Accessories
POR 1795,"POR 1795_Konnect J8 4 in 1, Black",Cables,Mobile Accessories
POR 2631,"POR 2631_Harmonics twins 30, Black",Twins Wireless,Audio
POR 2483,"POR 2483_My Buddy D, Crimson Red",Laptop table,PC Accessories
POR 2388,"POR 2388_Mport 41, White",USB Hub,PC Accessories
POR 1152,"POR 1152_Modesk 101, White",Desk Mobile Holder,Mobile Accessories
POR 929,"POR 929_Elements, Grey",Laptop Bag,PC Accessories
POR 1962,"POR 1962_Adapto 12, White",Wall Charger,Mobile Accessories
POR 2095,"POR 2095_Mogun 2, Black",Car Mobile Holder,Mobile Accessories
POR 1213,"POR 1213_Power Brick II, Purple",Power Bank,Mobile Accessories
POR 2309,"POR 2309_Mobot Clip, Yellow",Desk Mobile Holder,Mobile Accessories
POR 1739,"POR 1739_Toad 27, Pink",Wireless Mouse,PC Accessories
POR 2402,"POR 2402_Power Plate 17, White",Power Converter,PC Accessories
POR 1828,"POR 1828_Byte Bag, Blue",Laptop Bag,PC Accessories
POR 1749,"POR 1749_Car Power 14, Black",Car Charger,Car Accessories
POR 2340,"POR 2340_Iron Beats II, Black",Party Speaker,Audio
POR 2306,"POR 2306_My Buddy Air 4, Black",Laptop Stand,PC Accessories
POR 1829,"POR 1829_My Buddy D, Sky Blue",Laptop Table,PC Accessories
POR 233,"POR 233_RuffPad 10+, Black",Ruffpad,PC Accessories
POR 2899,"POR 2899_Harmonics Twins 32, White",Twins Wireless,Audio
POR 2151,"POR 2151_Toad 8, White",Wireless Mouse,PC Accessories
POR 1603,"POR 1603_Modesk Flex, Black",Desk Mobile Holder,Mobile Accessories
POR 1552,"POR 1552_Harmonics 250, Black",Bluetooth Earphone,Audio
POR 1219,"POR 1219_Power M 10K, Black",Power Bank,Mobile Accessories
POR 2307,"POR 2307_Mobot Clip, Green",Desk Mobile Holder,Mobile Accessories
POR 2383,"POR 2383_Comfipad, Orange",Mouse Pad,PC Accessories
POR 467,"POR 467_LED Lamp Charger, Black",Wall Charger,Smart Gadgets
POR 2130,"POR 2130_Freedom 6, Black",Wireless Charger,Mobile Accessories
POR 1724,"POR 1724_Adapto 31, White",Wall Charger,Mobile Accessories
POR 2112,"POR 2112_Silklink - C to L Silicone 1M 20W, Red",Cables,Mobile Accessories
POR 2929,"POR 2929_Pure Sound Pro X2, Black",Sound Bar,Audio
POR 973,"POR 973_Chicklet, Black",Bluetooth Keyboard,PC Accessories
POR 2122,"POR 2122_Resound 2, Blue",Portable Speaker,Audio
POR 942,"POR 942_Ruffpad 12 Pro, Black",Ruffpad,PC Accessories
POR 2290,"POR 2290_Dash 7 Type C, Black",Recorder,Audio
POR 1125,"POR 1125_KN 95 Mask, White",Protection Product,Smart Gadgets
POR 620,"POR 620_Car Power 3, White",Car Charger,Car Accessories
POR 2126,"POR 2126_Bella 2, Black",Wireless Charger,Mobile Accessories
POR 1200,"POR 1200_My Buddy T, Silver",Laptop Stand,PC Accessories
POR 2253,"POR 2253_Luxcell B12 Micro Input, Light Grey",Power Bank,Mobile Accessories
POR 2603,"POR 2603_SHIELD - X 15, Transparent",Tempered Glass,Mobile Accessories
POR 2336,"POR 2336_Harmony II, Grey",Party Speaker,Audio
POR 2266,"POR 2266_Power Shutter Pro, Black",Power Bank,Mobile Accessories
POR 1060,"POR 1060_Charge Bliss, Black",Wireless Charger,Mobile Accessories
POR 10008,"POR 10008_Adapto 62 C, Black",Wall Charger,Mobile Accessories
POR 1196,"POR 1196_Modesk Plus, Black",Desk Mobile Holder,Mobile Accessories
POR 1460,"POR 1460_My Buddy K4, Black",Laptop Stand,PC Accessories
POR 1565,"POR 1565_Power Plate 5, BlacK",Power Converter,PC Accessories
POR 1120,"POR 1120_Mobo Sterlizer, White",Protection Product,Smart Gadgets
POR 2343,"POR 2343_Iron Beats III, Black",Party Speaker,Audio
POR 2246,"POR 2246_In Tune 5, Black",USB Speaker,Audio
POR 1180,"POR 1180_Conch Delta, Black",Wired Earphone,Audio
POR 2344,"POR 2344_Iron Beats IV, Black",Party Speaker,Audio
POR 1725,"POR 1725_Adapto 32, White",Wall Charger,Mobile Accessories
POR 2609,"POR 2609_Key11 Combo, Blue",Wireless Keyboard And Mouse,PC Accessories
POR 2078,"POR 2078_Ruffpad Calc Mini, Grey",Ruffpad,PC Accessories
POR 1873,"POR 1873_Car Power 1C, Black",Car Charger,Car Accessories
POR 2572,"POR 2572_Toad Mino, White",BT & Wireless Mouse,PC Accessories
POR 2926,"POR 2926_Mport Spin, Black",USB Hub,PC Accessories
POR 1578,"POR 1578_Sound Drum P, Black",Portable Speaker,Audio
POR 2076,"POR 2076_Harmonics Twins S11, Black",Twins Wireless,Audio
POR 2059,"POR 2059_Konnect Sync - HDMI PVC 5M 60HZ, Black",HDMI Cable,PC Accessories
POR 856,"POR 856_Car Power 2C, Red",Car Charger,Car Accessories
POR 2206,"POR 2206_Bubble Square, Pink",Bluetooth Keyboard,PC Accessories
POR 1388,"POR 1388_My Buddy K2, Grey",Laptop Stand,PC Accessories
POR 2803,"POR 2803_Card Finder, Black",Tracker,Mobile Accessories
POR 1577,"POR 1577_Ruffpad 12E, Black",Ruffpad,PC Accessories
POR 1774,"POR 1774_Harmonics Z5, Black",Bluetooth Earphone,Audio
POR 2133,"POR 2133_Quikk, Black",Wireless Charger,Mobile Accessories
POR 2647,"POR 2647_FlashC - C To C Nylon Braided 1.5M 100W, Grey",Cables,Mobile Accessories
POR 2650,"POR 2650_Pure Sound 108, Black",Sound Bar,Audio
POR 1223,"POR 1223_Power M 10K, Blue",Power Bank,Mobile Accessories
POR 2102,"POR 2102_Konnect Stream - HDMI Nylon Braided 10M 60HZ, Grey",HDMI Cable,PC Accessories
POR 696,"POR 696_M Port 34M, Black",USB Hub,PC Accessories
POR 2032,"POR 2032_Freedom 15 Plus, Silver",Wireless Charger,Mobile Accessories
POR 2310,"POR 2310_Beem 470 Mini, White",Projector,PC Accessories
POR 1698,"POR 1698_My Buddy F, Black",Laptop Table,PC Accessories
POR 1957,"POR 1957_Toad 30, Black",Wireless Mouse,PC Accessories
POR 1472,"POR 1472_Power Plate 6, Black",Power Converter,PC Accessories
POR 1515,"POR 1515_Harmonics X1, Black",Bluetooth Earphone,Audio
POR 654,"POR 654_Konnect Core - A to Micro PVC 1M 3A, Black",Cables,Mobile Accessories
POR 10015,"POR 10015_Adapto One M, White",Wall Charger,Mobile Accessories
POR 717,"POR 717_Mport 24, Silver",USB Hub,PC Accessories
POR 1133,"POR 1133_PuriFi S, Grey",Protection Product,Smart Gadgets
POR 1861,"POR 1861_My buddy L, Carrara",Laptop Table,PC Accessories
POR 1203,"POR 1203_Modesk 200, White",Desk Mobile Holder,Mobile Accessories
POR 2054,"POR 2054_My Buddy Z, Brown",Laptop Stand,PC Accessories
POR 2291,"POR 2291_Beem 460, Black",Projector,PC Accessories
POR 10032,"POR 10032_Adapto 41 C, White",Wall Charger,Mobile Accessories
POR 2433,"POR 2433_Auto Tune, Black",Car Bluetooth,Car Accessories
POR 1212,"POR 1212_Power Brick II, White",Power Bank,Mobile Accessories
POR 2011,"POR 2011_Toad 32, Black",Wireless Mouse,PC Accessories
POR 2608,"POR 2608_SHIELD - X 13 Mini, Transparent",Tempered Glass,Mobile Accessories
POR 2337,"POR 2337_Harmony, Grey",Party Speaker,Audio
POR 1996,"POR 1996_Luxcell Mini 20k, Yellow",Power Bank,Mobile Accessories
POR 2734,"POR 2734_Pico 13, Black",Projector,PC Accessories
POR 2312,"POR 2312_Beem 530, White",Projector,PC Accessories
POR 655,"POR 655_Konnect Core - A to L PVC 1M 3A, Black",Cables,Mobile Accessories
POR 2038,"POR 2038_K2 Keyboard, Blue",Gaming Keyboard,PC Accessories
POR 2002,"POR 2002_My Buddy Spinlight, Grey",Laptop Stand,PC Accessories
POR 2546,"POR 2546_Dash, Black",Wireless Microphone,Audio
POR 2387,"POR 2387_Vader Pro, Cherry Pink",Wireless Mouse,PC Accessories
POR 1660,"POR 1660_Modesk Flex II, Black",Desk Mobile Holder,Mobile Accessories
POR 2322,"POR 2322_VlogMate 2, Black",Recorder,Audio
POR 820,"POR 820_Armo, Silver",Desk Mobile Holder,Mobile Accessories
POR 1862,"POR 1862_Spark, Black",Car Charger,Car Accessories
POR 10013,"POR 10013_Adapto 66 C, White",Wall Charger,Mobile Accessories
POR 2255,"POR 2255_Luxcell Bind 20k, Black",Power Bank,Mobile Accessories
POR 10048,"POR 10048_Kettle X, Silver",Electrical Kettle,Smart Gadgets
POR 1224,"POR 1224_Power M 20K, Black",Power Bank,Mobile Accessories
POR 044,"POR 044_Charge Clamp, Black",Car Wireless Charger,Car Accessories
POR 895,"POR 895_My Buddy Plus, Brown",Laptop Table,PC Accessories
POR 1443,"POR 1443_Adapto 44, White",Wall Charger,Mobile Accessories
POR 2570,"POR 2570_Power Plate 19, White",Power Converter,PC Accessories
POR 1787,"POR 1787_Ruffpad One, White",Ruffpad,PC Accessories
POR 1362,"POR 1362_Adapto III, Black",Wall Charger,Mobile Accessories
POR 1309,"POR 1309_My Buddy Flip, White",Laptop Stand,PC Accessories
POR 2204,"POR 2204_iKonnect C Max, Black",Connectors,Mobile Accessories
POR 2296,"POR 2296_Beem 510, Black",Projector,PC Accessories
POR 3095,"POR 3095_Uniconnect, White",Cables,Mobile Accessories
POR PCBA,"POR PCBA_PCBA, Black",Misc,Others
POR 1386,"POR 1386_Talk One, Black",Conference Speaker,Audio
POR 1158,"POR 1158_Modesk, Grey",Desk Mobile Holder,Mobile Accessories
POR 2977,"POR 2977_SnapCase 3, Blue",Connectors,Mobile Accessories
POR 2641,"POR 2641_Clean T, Black",Cleaners,Mobile Accessories
POR 2382,"POR 2382_Comfipad, Blue",Mouse Pad,PC Accessories
POR 1121,"POR 1121_Sterilizer Bag UVC Stery, Grey",Protection Product,Smart Gadgets
POR 1130,"POR 1130_FaceGuard III, White",Protection Product,Smart Gadgets
POR 193,"POR 193_Adapto 1 QC, Black",Wall Charger,Mobile Accessories
POR 2636,"POR 2636_My Buddy K11 Pro, Grey",Laptop Stand,PC Accessories
POR 1122,"POR 1122_Faceguard, White",Protection Product,Smart Gadgets
POR 1826,"POR 1826_My Buddy K7, Grey",Laptop Stand,PC Accessories
POR 1806,"POR 1806_Bounce 2, Blue",Portable Speaker,Audio
POR 10014,"POR 10014_Adapto One M, Black",Wall Charger,Mobile Accessories
POR 130,"POR 130_I Track, White",Tracker,Mobile Accessories
POR 1694,"POR 1694_Adapto 42, White",Wall Charger,Mobile Accessories
POR 739,"POR 739_Power Bun, White",Power Converter,PC Accessories
POR 2003,"POR 2003_Conch Tune C, Grey",Wired Earphone,Audio
POR 1403,"POR 1403_Konnect L - A to C Nylon Braided 1.2M 3A, White",Cables,Mobile Accessories
POR 2682,"POR 2682_Twins 29, Black",Twins Wireless,Audio
POR 2084,"POR 2084_Sound Slick 8, Black",Sound Bar,Audio
POR 2251,"POR 2251_Luxcell B12 Micro Input, Yellow",Power Bank,Mobile Accessories
POR 2244,"POR 2244_Dash 8, Black",Party Speaker,Audio
POR 2010,"POR 2010_Toad 31, Blue",Wireless Mouse,PC Accessories
POR 2632,"POR 2632_Harmonics twins 30, White",Twins Wireless,Audio
POR 2075,"POR 2075_Harmonics Twins S11, White",Twins Wireless,Audio
POR 262,"POR 262_Power Wallet 10K, Black",Power Bank,Mobile Accessories
POR 2009,"POR 2009_Toad 31, Purple",Wireless Mouse,PC Accessories
POR 855,"POR 855_Car Power 2C, Blue",Car Charger,Car Accessories
POR 1820,"POR 1820_My Buddy J, Grey",Laptop Table,PC Accessories
POR 077,"POR 077_Unipower, Purple",Wall Charger,Mobile Accessories
POR 2669,"POR 2669_Beem 490, Grey",Projector,PC Accessories
POR 2530,"POR 2530_Clamp M4, Black",Car Mobile Holder,Car Accessories
POR 1900,"POR 1900_Swipe 2, Green",Cleaners,Mobile Accessories
POR 1033,"POR 1033_Konnect Core II - A to C PVC 1M 3A, White",Cables,Mobile Accessories
POR 2752,"POR 2752_Beem 480, White",Projector,PC Accessories
POR 2050,"POR 2050_Konnect View - A to C Nylon Braided 1M 66W, Black",Cables,Mobile Accessories
POR 2975,"POR 2975_Bit Box, Black",Smart Devices,Smart Gadgets
POR 1109,"POR 1109_Power Pro 10K, Black",Power Bank,Mobile Accessories
POR 2901,"POR 2901_Power Shutter Home, Black",Power Bank,Mobile Accessories
POR 1757,"POR 1757_Konnect G2 - Laptop Power PVC 1.5M 350W, Grey",Power Cable,PC Accessories
POR 1339,"POR 1339_Dash, Black",Party Speaker,Audio
POR 1326,"POR 1326_Kronos Beta, Rose Gold",Smart Watch,Smart Gadgets
POR 1032,"POR 1032_Konnect Core II - A to L PVC 1M 3A, White",Cables,Mobile Accessories
POR 2037,"POR 2037_K1 Keyboard, Blue",Gaming Keyboard,PC Accessories
POR 2036,"POR 2036_Dash 4, Black",Party Speaker,Audio
POR 1064,"POR 1064_Adapter, Black",Wall Charger,Mobile Accessories
POR 2611,"POR 2611_Key11 Combo, Grey",Wireless Keyboard And Mouse,PC Accessories
POR 1237,"POR 1237_Ruffpad 15, Grey",Ruffpad,PC Accessories
POR 663,"POR 663_Car Power 2T, White",Car Charger,Car Accessories
POR 1980,"POR 1980_Harmonics Twins S8, White",Twins Wireless,Audio
POR 10038,"POR 10038_Car Power 11, Black",Car Charger,Car Accessories
POR 1819,"POR 1819_My Buddy J, Brown",Laptop Table,PC Accessories
POR 1228,"POR 1228_Power M 20K, Blue",Power Bank,Mobile Accessories
POR 1927,"POR 1927_Toofan Mini, Green",Portable Fan,Smart Gadgets
POR 10009,"POR 10009_Adapto 62 C, White",Wall Charger,Mobile Accessories
POR 1907,"POR 1907_Harmonics Twins S7, Black",Twins Wireless,Audio
POR 2262,"POR 2262_Powerpebble, Black",Power Bank,Mobile Accessories
POR 1118,"POR 1118_My Buddy Lite +, Black",Laptop Stand,PC Accessories
POR 2257,"POR 2257_Magclick, Dark Grey",Power Bank,Mobile Accessories
POR 2066,"POR 2066_Plugs 2, Black ",Portable Speaker,Audio
POR 1810,"POR 1810_Harmonics Y1, Black",Bluetooth Earphone,Audio
POR 10039,"POR 10039_Car Power 6 & Connect C1, Black",Car Charger,Car Accessories
POR 2093,"POR 2093_PowerPod 20K, Black",Power Bank,Mobile Accessories
POR 1209,"POR 1209_Power Pro 10K, White",Power Bank,Mobile Accessories
POR 1568,"POR 1568_EnCase 102, Black",Laptop Bag,PC Accessories
POR 1582,"POR 1582_EnCase 103, Black",Laptop Bag,PC Accessories
POR 2289,"POR 2289_Beem 450, White",Projector,PC Accessories
POR 2850,"POR 2850_Printlink 3 - USB A To USB B PVC 3M Printer Cable, White",Power Cable,PC Accessories
POR 1837,"POR 1837_Harmonics Twins S5, White",Twins Wireless,Audio
POR 1400,"POR 1400_SoundDrum 1, Orange",Portable Speaker,Audio
POR 1127,"POR 1127_Ruffpad 12D, Black",Ruffpad,PC Accessories
POR 10031,"POR 10031_Adapto 41 M, White",Wall Charger,Mobile Accessories
POR 2330,"POR 2330_Harmony, Gold",Party Speaker,Audio
POR 1794,"POR 1794_Singular 2, Black",Laptop Bag,PC Accessories
POR 812,"POR 812_Diski, Silver",Connectors,Mobile Accessories
POR 2508,"POR 2508_Dash 7 8 Pin, Black",Recorder,Audio
POR 2308,"POR 2308_Mobot Clip, Blue",Desk Mobile Holder,Mobile Accessories
POR 1178,"POR 1178_Brillo II, Black",Wireless Charger,Mobile Accessories
POR 2787,"POR 2787_Radiant 2, Black ",Portable Speaker,Audio
POR 648,"POR 648_2.4 A Adapter, White",Wall Charger,Mobile Accessories
POR 10040,"POR 10040_Car Power 6 & Connect L1, Black",Car Charger,Car Accessories
POR 991,"POR 991_Yogg Kronos, Black",Smart Watch,Smart Gadgets
POR 1377,"POR 1377_Toad 10, Black",Wired Mouse,PC Accessories
POR 1406,"POR 1406_Decible 22, Black",Sound Bar,Audio
POR 1893,"POR 1893_iKonnect L+ Male Aux to 8 Pin, Black",Connectors,Mobile Accessories
POR 1240,"POR 1240_Adapto 33G, White",Wall Charger,Mobile Accessories
POR 2927,"POR 2927_Mogun 5, White",Car Mobile Holder,Car Accessories
POR 2931,"POR 2931_Mport Edge, Grey",USB Hub,PC Accessories
POR 2004,"POR 2004_Conch Tune A, Grey",Wired Earphone,Audio
POR 2074,"POR 2074_Toad IV, Blue",BT & Wireless Mouse,PC Accessories
POR 1534,"POR 1534_Phonics, Black",Portable Speaker,Audio
VTL 5060,"VTL 5060_VTL 5060, Black",Misc,Others
POR 2385,"POR 2385_Vader Pro, Midnight Black",Wireless Mouse,PC Accessories
POR 2202,"POR 2202_My Buddy K11, Black",Laptop Stand,PC Accessories
POR 2484,"POR 2484_Toad 6, Black",BT & Wireless Mouse,PC Accessories
POR 1976,"POR 1976_Resound 2, Black",Portable Speaker,Audio
POR 2295,"POR 2295_Beem 500, White",Projector,PC Accessories
POR 1654,"POR 1654_Harmonics Twins S4, Black",Twins Wireless,Audio
POR 1624,"POR 1624_Konnect Aux 7 - Aux Nylon Braided 2M 24K, Grey",Cables,Mobile Accessories
POR 1763,"POR 1763_Mport 13C, Grey",USB Hub,PC Accessories
POR 1376,"POR 1376_My Buddy D, Brown",Laptop Table,PC Accessories
POR 2681,"POR 2681_Cool XG, Black",Portable Fan,Smart Gadgets
POR 2203,"POR 2203_iKonnect C Pro, Black",Connectors,Mobile Accessories
POR 1825,"POR 1825_Modesk Flex Mini, Black",Desk Mobile Holder,Mobile Accessories
POR 1110,"POR 1110_Power Pro 10K, White",Power Bank,Mobile Accessories
POR 1836,"POR 1836_Harmonics Twins S5, Black",Twins Wireless,Audio
POR 2121,"POR 2121_Mogun 3, Silver",Car Mobile Holder,Car Accessories
POR 1892,"POR 1892_iKonnect L Aux to 8 Pin, Black",Connectors,Mobile Accessories
POR 1128,"POR 1128_Purifi, White",Protection Product,Smart Gadgets
POR 1766,"POR 1766_Ruffpad 15M, Blue",Ruffpad,PC Accessories
POR 2096,"POR 2096_Dash 6, Black",Portable Speaker,Audio
POR 1102,"POR 1102_Harmonics Clip 4, Black",Bluetooth Earphone,Audio
POR 2088,"POR 2088_Luxcell B, Dark Blue",Power Bank,Mobile Accessories
POR 2646,"POR 2646_Magicbin, White",Sensor Dustbin,Smart Gadgets
POR 1906,"POR 1906_Harmonics Twins S6, White",Twins Wireless,Audio
POR 10036,"POR 10036_Adapto 40 C, White",Wall Charger,Mobile Accessories
POR 2069,"POR 2069_Radiant, Blue",Portable Speaker,Audio
POR 2194,"POR 2194_Padmate, Black",Bluetooth Keyboard,PC Accessories
POR 2273,"POR 2273_Conch Beat A, Black",Wired Earphone,Audio
POR 926,"POR 926_Clamp X, Black",Car Mobile Holder,Car Accessories
POR 1610,"POR 1610_Toad 23, Black",Wireless Mouse,PC Accessories
POR 1482,"POR 1482_Mport 45C, Black",USB Hub,PC Accessories
POR 2780,"POR 2780_Toad 7, Black",BT & Wireless Mouse,PC Accessories
POR 2221,"POR 2221_Toad 102, Black",Wired Mouse,PC Accessories
POR 1682,"POR 1682_Toad One, Black",BT & Wireless Mouse,PC Accessories
POR 1157,"POR 1157_My Buddy Hexa 22, Black",Laptop Stand,PC Accessories
POR 1597,"POR 1597_Brillo 3, White",Wireless Charger,Mobile Accessories
POR 2755,"POR 2755_Konnect G2 - Laptop Power PVC 1.5M 350W, Black",Power Cable,PC Accessories
POR 2319,"POR 2319_Vayu 2.0, Black",Car Inflator,Car Accessories
POR 1330,"POR 1330_Adapto 4, White",Wall Charger,Mobile Accessories
POR 1113,"POR 1113_Power Pro 20K, Black",Power Bank,Mobile Accessories
POR 1723,"POR 1723_My Buddy D, Black",Laptop Table,PC Accessories
POR 2671,"POR 2671_Nadya, Black",Portable Speaker,Audio
POR 1331,"POR 1331_Adapto 65 Pro, Black",Wall Charger,Mobile Accessories
POR 2422,"POR 2422_ki Pad 3, Pink",Wired Keyboard,PC Accessories
POR 2263,"POR 2263_Luxcell C, Black",Power Bank,Mobile Accessories
POR 373,"POR 373_Key2 Combo, White",Wireless Keyboard And Mouse,PC Accessories
POR 1211,"POR 1211_Power Brick II, Black",Power Bank,Mobile Accessories
POR 2040,"POR 2040_Lumistick, Black",Selfie & Tripods,Smart Gadgets
POR 10035,"POR 10035_Adapto 40 M, White",Wall Charger,Mobile Accessories
POR 1710,"POR 1710_Bounce 2, Black",Portable Speaker,Audio
POR 1351,"POR 1351_Adapto One Plus, White",Wall Charger,Mobile Accessories
POR 1631,"POR 1631_Mport 52, Grey",USB Hub,PC Accessories
POR 2281,"POR 2281_Conch Beat C, Black",Wired Earphone,Audio
POR 2282,"POR 2282_Conch Beat C, Silver",Wired Earphone,Audio
POR 1352,"POR 1352_Adapto One Plus, Black",Wall Charger,Mobile Accessories
POR 2140,"POR 2140_My Buddy K Lite, Blue",Laptop Stand,PC Accessories
POR 2006,"POR 2006_Vayu Lite, Black",Car Inflator,Car Accessories
POR 1745,"POR 1745_Power D 20K, Black",Power Bank,Mobile Accessories
POR 2105,"POR 2105_Konnect G4 - Laptop Power PVC 1.2M 350W, Black",Power Cable,PC Accessories
POR 1775,"POR 1775_Harmonics Z5, Blue",Bluetooth Earphone,Audio
POR 2254,"POR 2254_Luxcell Mini 20k, Black",Power Bank,Mobile Accessories
POR 1195,"POR 1195_Auto 12, Black",Car Bluetooth,Car Accessories
POR 2264,"POR 2264_Power Shutter, Black",Power Bank,Mobile Accessories
POR 2104,"POR 2104_Konnect G3 - Laptop Power PVC 1.2M 350W, Black",Power Cable,PC Accessories
POR 1692,"POR 1692_Power Plate 11, White",Power Converter,PC Accessories
POR 2721,"POR 2721_Tez, White",Portable Fan,Smart Gadgets
POR 2240,"POR 2240_Pure Sound Pro X, Black",Sound Bar,Audio
POR 1405,"POR 1405_Decible 21, Black",Sound Bar,Audio
POR 2735,"POR 2735_Apollo One, Black",Portable Speaker,Audio
POR 2805,"POR 2805_Clamp M5, Black",Car Mobile Holder,Car Accessories
POR 10017,"POR 10017_Adapto One C, White",Wall Charger,Mobile Accessories
POR 1995,"POR 1995_Luxcell Mini 10k, Yellow",Power Bank,Mobile Accessories
POR 1218,"POR 1218_Power Brick II 20K, White",Power Bank,Mobile Accessories
POR 2217,"POR 2217_Harmonics Twins S16, Militry Green",Twins Wireless,Audio
POR 2179,"POR 2179_Luxcell Wireless Mini, Yellow",Power Bank,Mobile Accessories
POR 1784,"POR 1784_Toad II, Grey",BT & Wireless Mouse,PC Accessories
POR 1701,"POR 1701_Harmonics Twins 26, Black",Twins Wireless,Audio
POR 2472,"POR 2472_Harmonics Twins S12, Red+Black, ",Twins Wireless,Audio
POR 2754,"POR 2754_Konnect G1 - Desktop Power PVC 1.5M 350W, Black",Power Cable,PC Accessories
POR 1250,"POR 1250_Adapto 65X, White",Wall Charger,Mobile Accessories
POR 2644,"POR 2644_Mport 30 Plus, Black",USB Hub,PC Accessories
POR 2727,"POR 2727_Nugget, Black",Portable Speaker,Audio
POR 1808,"POR 1808_Toad Ergo, Black",Wireless Mouse,PC Accessories
POR 2294,"POR 2294_My Buddy Air 3, Black",Laptop Stand,PC Accessories
POR 2760,"POR 2760_DualBreeze, White",Portable Fan,Smart Gadgets
POR 10016,"POR 10016_Adapto One C, Black",Wall Charger,Mobile Accessories
POR 10006,"POR 10006_Adapto 62 M, Black",Wall Charger,Mobile Accessories
POR 2384,"POR 2384_Vader Pro, Stone Grey",Wireless Mouse,PC Accessories
POR 2053,"POR 2053_Mport 31 Plus, Grey",USB Hub,PC Accessories
POR 2545,"POR 2545_Beem 470, Black",Projector,PC Accessories
POR 2106,"POR 2106_Beem 440, White",Projector,PC Accessories
POR 2193,"POR 2193_Bubble Dock, White",Bluetooth Keyboard,PC Accessories
POR 1655,"POR 1655_Harmonics Twins S4, White",Twins Wireless,Audio
POR 1925,"POR 1925_My Buddy Hexa 5, Black",Laptop Stand,PC Accessories
POR 2087,"POR 2087_Luxcell B, Yellow",Power Bank,Mobile Accessories
POR 1615,"POR 1615_Clamp Y, Black",Car Mobile Holder,Car Accessories
POR 2191,"POR 2191_Harmonics Twins S11, Blue",Twins Wireless,Audio
POR 1066B,"POR 1066B_Adapto 66, Black",Wall Charger,Mobile Accessories
POR 2911,"POR 2911_Tixie, Black",Timers,Smart Gadgets
POR 2057,"POR 2057_Konnect Sync - HDMI PVC 1.5M 60HZ, Black",HDMI Cable,PC Accessories
POR 2680,"POR 2680_Cool Aid, Black",Portable Fan,Smart Gadgets
POR 2335,"POR 2335_Harmony II, Gold",Party Speaker,Audio
POR 2390,"POR 2390_Harmonics Twins S12, White",Twins Wireless,Audio
POR 2389,"POR 2389_Harmonics Twins S12, Black",Twins Wireless,Audio
POR 2386,"POR 2386_Vader Pro, Indigo Blue",Wireless Mouse,PC Accessories
POR 1932,"POR 1932_Dash 2, Grey",Wireless Microphone,Audio
POR 1982,"POR 1982_Harmonics Twins S9, Blue",Twins Wireless,Audio
POR 2836,"POR 2836_Harmonics Z11, Black",Bluetooth Earphone,Audio
POR 2679,"POR 2679_Twin Cool, Black",Portable Fan,Smart Gadgets
POR 2125,"POR 2125_Freedom Fold 3, Black",Wireless Charger,Mobile Accessories
POR 2531,"POR 2531_Clamp Z, Black",Car Mobile Holder,Car Accessories
POR 2177,"POR 2177_Luxcell B, Black",Power Bank,Mobile Accessories
POR 2192,"POR 2192_Bubble Dock, Black",Bluetooth Keyboard,PC Accessories
POR 1744,"POR 1744_Power E 10K, Black",Power Bank,Mobile Accessories
POR 2180,"POR 2180_Luxcell Wireless Mini, Light Blue",Power Bank,Mobile Accessories
POR 1831,"POR 1831_Toad 23, White",Wireless Mouse,PC Accessories
POR 2123,"POR 2123_Freedom Fold, Black",Wireless Charger,Mobile Accessories
POR 10041,"POR 10041_Adapto 12 & Connect Core II Mcro, White",Wall Charger,Mobile Accessories
POR 1444,"POR 1444_Adapto 44, Black",Wall Charger,Mobile Accessories
POR 2265,"POR 2265_Power Shutter, White",Power Bank,Mobile Accessories
POR 2097,"POR 2097_Harmonics X2, Black",Bluetooth Earphone,Audio
POR 1238,"POR 1238_Adapto 20, White",Wall Charger,Mobile Accessories
POR 10042,"POR 10042_Adapto 12 & Connect Core II Type C, White",Wall Charger,Mobile Accessories
POR 1842,"POR 1842_Bubble Max, Green",Bluetooth Keyboard,PC Accessories
POR 2274,"POR 2274_Conch Beat A, Silver",Wired Earphone,Audio
POR 2393,"POR 2393_Microblast, Black",Party Speaker,Audio
POR 2229,"POR 2229_Harmonics Twins S16, Blue",Twins Wireless,Audio
POR 1781,"POR 1781_Freedom 4S, Black",Wireless Charger,Mobile Accessories
POR 1345,"POR 1345_Car Power 5, Black",Car Charger,Car Accessories
POR 2073,"POR 2073_Toad IV, White",BT & Wireless Mouse,PC Accessories
POR 2416,"POR 2416_Harmonics Twins S15, Black",Twins Wireless,Audio
POR 2759,"POR 2759_Tune, Black",Car Bluetooth,Car Accessories
POR 2267,"POR 2267_Power Shutter Pro, White",Power Bank,Mobile Accessories
POR 1890,"POR 1890_iKonnect C Aux to Type C, Black",Connectors,Mobile Accessories
POR 2184,"POR 2184_Resound 2, Red",Portable Speaker,Audio
POR 2786,"POR 2786_Toad 34, Grey",Wireless Mouse,PC Accessories
POR 2081,"POR 2081_Harmonics Twins S10, Blue",Twins Wireless,Audio
POR 2722,"POR 2722_DualBreeze, Black",Portable Fan,Smart Gadgets
POR 2728,"POR 2728_Nugget, White",Portable Speaker,Audio
POR 374,"POR 374_Key2 Combo, Grey",Wireless Keyboard And Mouse,PC Accessories
POR 1931,"POR 1931_Toad III, White",BT & Wireless Mouse,PC Accessories
POR 2089,"POR 2089_Luxcell B, Dark Grey",Power Bank,Mobile Accessories
POR 2846,"POR 2846_Volt 20, White",Power Converter,PC Accessories
POR 2872,"POR 2872_Mport View One, Black",USB Hub,PC Accessories
POR 1727,"POR 1727_My Buddy D, Forest Wood",Laptop Table,PC Accessories
POR 10044,"POR 10044_Car Power Mini, Black",Car Charger,Car Accessories
POR 2249,"POR 2249_Luxcell B12 Type C Input, Dark Blue",Power Bank,Mobile Accessories
POR 2082,"POR 2082_Harmonics Twins S10, White",Twins Wireless,Audio
POR 1421,"POR 1421_Conch 40, White",Wired Earphone,Audio
POR 2212,"POR 2212_Harmonics Twins S17, ",Twins Wireless,Audio
POR 2978,"POR 2978_SnapCase 3, White",Connectors,Mobile Accessories
POR 2311,"POR 2311_Beem 520, White",Projector,PC Accessories
POR 2869,"POR 2869_JuiceMate 2, Black",Wall Charger,Mobile Accessories
POR 2870,"POR 2870_JuiceMate 3, White",Wall Charger,Mobile Accessories
